-- MySQL dump 10.13  Distrib 5.6.23, for Win64 (x86_64)
--
-- Host: 127.0.0.1    Database: recruit
-- ------------------------------------------------------
-- Server version	5.6.25-log

/*!40101 SET @OLD_CHARACTER_SET_CLIENT=@@CHARACTER_SET_CLIENT */;
/*!40101 SET @OLD_CHARACTER_SET_RESULTS=@@CHARACTER_SET_RESULTS */;
/*!40101 SET @OLD_COLLATION_CONNECTION=@@COLLATION_CONNECTION */;
/*!40101 SET NAMES utf8 */;
/*!40103 SET @OLD_TIME_ZONE=@@TIME_ZONE */;
/*!40103 SET TIME_ZONE='+00:00' */;
/*!40014 SET @OLD_UNIQUE_CHECKS=@@UNIQUE_CHECKS, UNIQUE_CHECKS=0 */;
/*!40014 SET @OLD_FOREIGN_KEY_CHECKS=@@FOREIGN_KEY_CHECKS, FOREIGN_KEY_CHECKS=0 */;
/*!40101 SET @OLD_SQL_MODE=@@SQL_MODE, SQL_MODE='NO_AUTO_VALUE_ON_ZERO' */;
/*!40111 SET @OLD_SQL_NOTES=@@SQL_NOTES, SQL_NOTES=0 */;

--
-- Table structure for table `business_dictionary`
--

DROP TABLE IF EXISTS `business_dictionary`;
/*!40101 SET @saved_cs_client     = @@character_set_client */;
/*!40101 SET character_set_client = utf8 */;
CREATE TABLE `business_dictionary` (
  `pk_id` int(11) NOT NULL AUTO_INCREMENT,
  `dic_id` int(11) NOT NULL,
  `dic_name` varchar(100) NOT NULL,
  `dic_code` varchar(100) DEFAULT NULL,
  `dic_parent_id` int(11) NOT NULL,
  `dic_key` varchar(100) NOT NULL,
  `dic_value` varchar(100) NOT NULL,
  `state` varchar(2) NOT NULL,
  `state_time` date NOT NULL,
  PRIMARY KEY (`pk_id`)
) ENGINE=InnoDB AUTO_INCREMENT=112 DEFAULT CHARSET=utf8;
/*!40101 SET character_set_client = @saved_cs_client */;

--
-- Dumping data for table `business_dictionary`
--

LOCK TABLES `business_dictionary` WRITE;
/*!40000 ALTER TABLE `business_dictionary` DISABLE KEYS */;
INSERT INTO `business_dictionary` VALUES (1,1,'CUSTOM-STAR',NULL,0,'1','钻','A','2014-07-28'),(2,2,'CUSTOM-STAR',NULL,0,'2','金','A','2014-07-28'),(3,3,'CUSTOM-STAR',NULL,0,'3','银','A','2014-07-28'),(4,4,'CUSTOM-STAR',NULL,0,'4','普','A','2014-07-28'),(5,1,'CUSTOM-INDUSTRY',NULL,0,'1','政府','A','2014-07-28'),(6,2,'CUSTOM-INDUSTRY',NULL,0,'2','事业','A','2014-07-28'),(7,3,'CUSTOM-INDUSTRY',NULL,0,'3','金融','A','2014-07-28'),(8,4,'CUSTOM-INDUSTRY',NULL,0,'4','企业','A','2014-07-28'),(9,1,'SERVER-SOURCE_FLAG',NULL,0,'1','公司所有','A','2014-07-31'),(10,2,'SERVER-SOURCE_FLAG',NULL,0,'2','客户托管','A','2014-07-31'),(11,1,'SERVER-STATE',NULL,0,'1','在线运行','A','2014-07-31'),(12,2,'SERVER-STATE',NULL,0,'2','新进库存','A','2014-07-31'),(13,3,'SERVER-STATE',NULL,0,'3','下架库存','A','2014-07-31'),(14,4,'SERVER-STATE',NULL,0,'4','代客保管','A','2014-07-31'),(15,5,'SERVER-STATE',NULL,0,'5','断网处理','A','2014-07-31'),(16,1,'SERVER-S_SYSTEM',NULL,0,'1','----BSD----','A','2014-07-31'),(17,2,'SERVER-S_SYSTEM',NULL,0,'2','FreeBSD','A','2014-07-31'),(18,3,'SERVER-S_SYSTEM',NULL,0,'3','OpenBSD','A','2014-07-31'),(19,4,'SERVER-S_SYSTEM',NULL,0,'4','NetBSD','A','2014-07-31'),(20,5,'SERVER-S_SYSTEM',NULL,0,'5','----Linux----','A','2014-07-31'),(21,6,'SERVER-S_SYSTEM',NULL,0,'6','Debian','A','2014-07-31'),(22,7,'SERVER-S_SYSTEM',NULL,0,'7','Redhat','A','2014-07-31'),(23,8,'SERVER-S_SYSTEM',NULL,0,'8','Ubuntu','A','2014-07-31'),(24,9,'SERVER-S_SYSTEM',NULL,0,'9','SUSE','A','2014-07-31'),(25,10,'SERVER-S_SYSTEM',NULL,0,'10','Fedora','A','2014-07-31'),(26,11,'SERVER-S_SYSTEM',NULL,0,'11','CentOS','A','2014-07-31'),(27,12,'SERVER-S_SYSTEM',NULL,0,'12','Solaris','A','2014-07-31'),(28,13,'SERVER-S_SYSTEM',NULL,0,'13','----Windows----','A','2014-07-31'),(29,14,'SERVER-S_SYSTEM',NULL,0,'14','Windows2000','A','2014-07-31'),(30,15,'SERVER-S_SYSTEM',NULL,0,'15','Windows2003','A','2014-07-31'),(31,16,'SERVER-S_SYSTEM',NULL,0,'16','Windows2008','A','2014-07-31'),(32,17,'SERVER-S_SYSTEM',NULL,0,'17','MacOSX','A','2014-07-31'),(33,1,'LINE_SP',NULL,0,'1','中国电信','A','2014-08-01'),(34,2,'LINE_SP',NULL,0,'2','中国网通','A','2014-08-01'),(35,3,'LINE_SP',NULL,0,'3','中国移动','A','2014-08-01'),(36,1,'IP-STATE',NULL,0,'A','已分配','A','2014-08-01'),(37,2,'IP-STATE',NULL,0,'X','未分配','A','2014-08-01'),(38,1,'CUSTOM-COPTYPE',NULL,0,'1','公司A','A','2014-08-12'),(39,2,'CUSTOM-COPTYPE',NULL,0,'2','公司B','A','2014-08-12'),(40,1,'DEVICE-STATE',NULL,0,'0','不可用','A','2014-08-01'),(41,2,'DEVICE-STATE',NULL,0,'1','可用','A','2014-08-01'),(42,1,'DEVICE-DEVTYPE',NULL,0,'1','交换机','A','2014-08-01'),(43,2,'DEVICE-DEVTYPE',NULL,0,'2','路由器','A','2014-08-01'),(44,1,'DEVICE-SOURCEFLAG',NULL,0,'1','自有','A','2014-08-01'),(45,2,'DEVICE-SOURCEFLAG',NULL,0,'2','托管','A','2014-08-01'),(46,1,'COMPLAINT-REFDEP',NULL,0,'it','技术部','A','2014-08-31'),(47,2,'COMPLAINT-REFDEP',NULL,0,'service','客服部','A','2014-08-31'),(48,3,'COMPLAINT-REFDEP',NULL,0,'marketing','业务部','A','2014-08-31'),(49,4,'COMPLAINT-REFDEP',NULL,0,'finance','财务部','A','2014-08-31'),(50,1,'ORDER-STATE',NULL,0,'0','处理中','A','2014-08-23'),(51,2,'ORDER-STATE',NULL,0,'1','已生效','A','2014-08-23'),(52,3,'ORDER-STATE',NULL,0,'2','已停止','A','2014-08-23'),(53,1,'ORDER-SERVICE_TYPE',NULL,0,'1','主机托管','A','2014-08-27'),(54,2,'ORDER-SERVICE_TYPE',NULL,0,'2','主机租用','A','2014-08-27'),(55,1,'ORDER-BANDWIDTH',NULL,0,'1','10M 独享','A','2014-08-27'),(56,2,'ORDER-BANDWIDTH',NULL,0,'2','20M 独享','A','2014-08-27'),(57,3,'ORDER-BANDWIDTH',NULL,0,'3','50M 独享','A','2014-08-27'),(58,4,'ORDER-BANDWIDTH',NULL,0,'4','100M 独享','A','2014-08-27'),(59,5,'ORDER-BANDWIDTH',NULL,0,'5','100M 共享','A','2014-08-27'),(60,6,'ORDER-BANDWIDTH',NULL,0,'6','200M 独享','A','2014-08-27'),(61,1,'PRODUCT-SERVERCONFIG',NULL,0,'1','四核配置,至强E5150*2  4GB(2GB*2)  500GB 单电','A','2014-08-27'),(62,2,'PRODUCT-SERVERCONFIG',NULL,0,'2','四核配置,至强E5148*2  8GB(2GB*4)  500GB 单电','A','2014-08-27'),(63,3,'PRODUCT-SERVERCONFIG',NULL,0,'3','八核配置,至强E5320*2  8GB(2GB*4)  500GB 单电','A','2014-08-27'),(64,4,'PRODUCT-SERVERCONFIG',NULL,0,'4','八核配置,至强E5450*2  12GB(2GB*6)  500GB 单电','A','2014-08-27'),(65,5,'PRODUCT-SERVERCONFIG',NULL,0,'5','4核8线程,至强L5520 2.26主频*1个 8G  500G  双电','A','2014-08-27'),(66,6,'PRODUCT-SERVERCONFIG',NULL,0,'6','8核16线程,至强L5520 2.26主频*2个 16G  500G 双电','A','2014-08-27'),(67,7,'PRODUCT-SERVERCONFIG',NULL,0,'7','8核16线程,至强X5550 2.66主频*2个 16G  500G 双电','A','2014-08-27'),(68,8,'PRODUCT-SERVERCONFIG',NULL,0,'8','12核24线程,至强X5650 2.66主频*2个 32G 1TB 双电','A','2014-08-27'),(69,1,'PRODUCT-CABINET_SIZE',NULL,0,'1','1U','A','2014-08-27'),(70,2,'PRODUCT-CABINET_SIZE',NULL,0,'2','2U','A','2014-08-27'),(71,3,'PRODUCT-CABINET_SIZE',NULL,0,'3','4U','A','2014-08-27'),(72,4,'PRODUCT-CABINET_SIZE',NULL,0,'4','1组','A','2014-08-27'),(73,1,'ORDER-CHARGE_TYPE',NULL,0,'1','按年付','A','2014-08-27'),(74,2,'ORDER-CHARGE_TYPE',NULL,0,'2','按季度付','A','2014-08-27'),(75,3,'ORDER-CHARGE_TYPE',NULL,0,'3','按月付','A','2014-08-27'),(76,1,'SERVER-S_U_NUMS',NULL,0,'1','1U机架式','A','2014-08-29'),(77,2,'SERVER-S_U_NUMS',NULL,0,'2','2U机架式','A','2014-08-29'),(78,3,'SERVER-S_U_NUMS',NULL,0,'4','4U机架式','A','2014-08-29'),(79,1,'USER-STATUS',NULL,0,'enabled','可用','A','2014-08-31'),(80,2,'USER-STATUS',NULL,0,'disabled','不可用','A','2014-08-31'),(81,1,'LOG-TYPE',NULL,0,'1','下载','A','2014-09-07'),(82,2,'LOG-TYPE',NULL,0,'2','投资信息','A','2014-09-07'),(83,0,'LOG-TYPE',NULL,0,'0','日志类型','A','2014-09-07'),(84,3,'LOG-TYPE',NULL,2,'3','投资人查询','A','2014-09-07'),(85,4,'LOG-TYPE',NULL,2,'4','投资人添加','A','2014-09-07'),(86,5,'LOG-TYPE',NULL,2,'5','投资人删除','A','2014-09-07'),(87,6,'LOG-TYPE',NULL,2,'6','投资人修改','A','2014-09-07'),(88,7,'LOG-TYPE',NULL,2,'7','投资查询','A','2014-09-07'),(89,1,'INVESTOR-BANKTYPE','银行',0,'1','招商银行','A','2014-09-11'),(90,1,'INVESTOR-KEY-TYPE','证件',0,'1','身份证','A','2014-09-11'),(91,1,'INVESTOR-CKEY-TYPE','执照',0,'1','营业执照','A','2014-09-11'),(92,1,'INVEST-TYPE','资金类型',0,'1','增持','A','2014-09-11'),(93,2,'INVEST-TYPE','资金类型',0,'2','减持','A','2014-09-11'),(94,2,'INVESTOR-KEY-TYPE','证件',0,'2','户口','A','2014-09-11'),(95,1,'VISIT-TYPE',NULL,0,'1','电访','A','2014-09-17'),(96,2,'VISIT-TYPE',NULL,0,'2','面访','A','2014-09-17'),(97,1,'VISIT-DEAL',NULL,0,'1','未处理','A','2014-09-17'),(98,2,'VISIT-DEAL',NULL,0,'0','已处理','A','2014-09-17'),(99,1,'PRODUCT-STATE','产品状态',0,'1','有效','A','2014-09-23'),(100,2,'PRODUCT-STATE','产品状态',0,'0','失效','A','2014-09-23'),(101,1,'ORDER-CHARGE_STATE','订单到账状态',0,'1','已到账','A','2014-09-23'),(102,2,'ORDER-CHARGE_STATE','订单到账状态',0,'0','未到账','A','2014-09-23'),(103,1,'CABINET_U_NUMBER','机柜U数',0,'20','20U','A','2014-10-02'),(104,2,'CABINET_U_NUMBER','机柜U数',0,'40','40U','A','2014-10-02'),(105,4,'ORDER-STATE','订单状态',0,'-1','已作废','A','2014-10-02'),(106,1,'ORDER-FLOW_TYPE','订单-流程类型',0,'1','订单新增','A','2014-10-09'),(107,2,'ORDER-FLOW_TYPE','订单-流程类型',0,'2','终止服务','A','2014-10-09'),(108,4,'ORDER-CHARGE_TYPE','付费方式',0,'4','月付','A','2014-08-27'),(109,1,'PRODUCT-PRICE_TYPE','产品价格类型',0,'1','报价','A','2014-10-12'),(110,2,'PRODUCT-PRICE_TYPE','产品价格类型',0,'2','代理价','A','2014-10-12'),(111,3,'PRODUCT-PRICE_TYPE','产品价格类型',0,'3','部门经理价','A','2014-10-12');
/*!40000 ALTER TABLE `business_dictionary` ENABLE KEYS */;
UNLOCK TABLES;

--
-- Table structure for table `security_data_control`
--

DROP TABLE IF EXISTS `security_data_control`;
/*!40101 SET @saved_cs_client     = @@character_set_client */;
/*!40101 SET character_set_client = utf8 */;
CREATE TABLE `security_data_control` (
  `id` bigint(20) NOT NULL AUTO_INCREMENT,
  `control` varchar(255) DEFAULT NULL,
  `description` varchar(255) DEFAULT NULL,
  `name` varchar(32) NOT NULL,
  PRIMARY KEY (`id`)
) ENGINE=InnoDB AUTO_INCREMENT=2 DEFAULT CHARSET=utf8;
/*!40101 SET character_set_client = @saved_cs_client */;

--
-- Dumping data for table `security_data_control`
--

LOCK TABLES `security_data_control` WRITE;
/*!40000 ALTER TABLE `security_data_control` DISABLE KEYS */;
INSERT INTO `security_data_control` VALUES (1,'{\"EQ_user.id\":\"#user.id\"}',NULL,'user.id关联的资源');
/*!40000 ALTER TABLE `security_data_control` ENABLE KEYS */;
UNLOCK TABLES;

--
-- Table structure for table `security_ext_msg`
--

DROP TABLE IF EXISTS `security_ext_msg`;
/*!40101 SET @saved_cs_client     = @@character_set_client */;
/*!40101 SET character_set_client = utf8 */;
CREATE TABLE `security_ext_msg` (
  `id` int(11) NOT NULL AUTO_INCREMENT,
  `name` varchar(45) DEFAULT NULL,
  `value` varchar(45) DEFAULT NULL,
  `type` varchar(45) DEFAULT NULL,
  PRIMARY KEY (`id`)
) ENGINE=InnoDB AUTO_INCREMENT=6 DEFAULT CHARSET=utf8;
/*!40101 SET character_set_client = @saved_cs_client */;

--
-- Dumping data for table `security_ext_msg`
--

LOCK TABLES `security_ext_msg` WRITE;
/*!40000 ALTER TABLE `security_ext_msg` DISABLE KEYS */;
INSERT INTO `security_ext_msg` VALUES (2,'admin','sunny','theme'),(3,'generalManager','black','theme'),(4,'leaderuse','metro','theme'),(5,'leaderuser','default','theme');
/*!40000 ALTER TABLE `security_ext_msg` ENABLE KEYS */;
UNLOCK TABLES;

--
-- Table structure for table `security_log_entity`
--

DROP TABLE IF EXISTS `security_log_entity`;
/*!40101 SET @saved_cs_client     = @@character_set_client */;
/*!40101 SET character_set_client = utf8 */;
CREATE TABLE `security_log_entity` (
  `id` bigint(20) NOT NULL AUTO_INCREMENT,
  `create_time` datetime DEFAULT NULL,
  `ip_address` varchar(100) DEFAULT NULL,
  `log_level` varchar(16) DEFAULT NULL,
  `message` varchar(255) DEFAULT NULL,
  `username` varchar(100) DEFAULT NULL,
  `superid` varchar(45) DEFAULT NULL COMMENT '业务主键',
  PRIMARY KEY (`id`)
) ENGINE=InnoDB AUTO_INCREMENT=239 DEFAULT CHARSET=utf8;
/*!40101 SET character_set_client = @saved_cs_client */;

--
-- Dumping data for table `security_log_entity`
--

LOCK TABLES `security_log_entity` WRITE;
/*!40000 ALTER TABLE `security_log_entity` DISABLE KEYS */;
INSERT INTO `security_log_entity` VALUES (2,'2014-09-10 21:42:11','127.0.0.1','3','查找投资人的投资信息','admin','581f5c71-99dd-4f33-b53e-a2fe02c86dda'),(3,'2014-09-10 21:42:11','127.0.0.1','3','查找投资人的投资信息','admin','581f5c71-99dd-4f33-b53e-a2fe02c86dda'),(4,'2014-09-10 21:43:49','127.0.0.1','3','查找投资人的投资信息','admin','4998993b-93c1-491b-a3a0-3038cca1acf1'),(5,'2014-09-10 21:46:40','127.0.0.1','3','查找投资人的投资信息','admin','b0e7aeec-084a-450f-a810-e982a21006e3'),(6,'2014-09-10 21:46:42','127.0.0.1','3','查找投资人的投资信息','admin','b09d48f4-5510-48ab-a195-de7a63523d8d'),(7,'2014-09-10 21:47:16','127.0.0.1','3','查找投资人的投资信息','admin','769b2439-f79e-412b-96a9-4a1843ad603e'),(8,'2014-09-10 21:47:25','127.0.0.1','3','查找投资人的投资信息','admin','efa66a24-3452-4ed6-b639-69d929c3e865'),(9,'2014-09-10 21:47:56','127.0.0.1','3','查找投资人的投资信息','admin','3860b302-1c2b-4615-834e-d96d0ef2f322'),(10,'2014-09-11 00:42:52','127.0.0.1','7','查找2ffb5dd8-3419-476a-8292-cb174eed949f投资人的投资信息','admin','2ffb5dd8-3419-476a-8292-cb174eed949f'),(11,'2014-09-11 00:43:24','127.0.0.1','7','查找2ffb5dd8-3419-476a-8292-cb174eed949f投资人的投资信息','admin','2ffb5dd8-3419-476a-8292-cb174eed949f'),(12,'2014-09-11 00:43:32','127.0.0.1','7','查找2ffb5dd8-3419-476a-8292-cb174eed949f投资人的投资信息','admin','2ffb5dd8-3419-476a-8292-cb174eed949f'),(13,'2014-09-11 00:44:29','127.0.0.1','7','查找2ffb5dd8-3419-476a-8292-cb174eed949f投资人的投资信息','admin','2ffb5dd8-3419-476a-8292-cb174eed949f'),(14,'2014-09-11 00:45:01','127.0.0.1','7','查找2ffb5dd8-3419-476a-8292-cb174eed949f投资人的投资信息','admin','2ffb5dd8-3419-476a-8292-cb174eed949f'),(15,'2014-09-11 18:17:44','127.0.0.1','3','查找投资人的投资信息','admin','4450ef42-5bfd-4b23-b937-3a87ef66c58c'),(16,'2014-09-11 18:17:44','127.0.0.1','3','查找投资人的投资信息','admin','449a85d3-3773-4cb4-807c-e2ddc98ad0f0'),(17,'2014-09-11 19:21:11','127.0.0.1','2','编辑null投资信息','admin',NULL),(18,'2014-09-11 19:24:06','127.0.0.1','2','增加null投资信息','admin',NULL),(19,'2014-09-11 19:25:15','127.0.0.1','2','增加null投资信息','admin',NULL),(20,'2014-09-11 19:35:16','127.0.0.1','2','增加null投资信息','admin',NULL),(21,'2014-09-11 20:06:45','127.0.0.1','3','查找投资人的投资信息','admin','63bec7b0-9140-40bb-85d5-fc648007891d'),(22,'2014-09-11 20:06:45','127.0.0.1','3','查找投资人的投资信息','admin','6049383d-05d1-4ab4-bd86-3b18e3128efd'),(23,'2014-09-11 21:06:44','127.0.0.1','7','查找2ffb5dd8-3419-476a-8292-cb174eed949f投资人的投资信息','admin','2ffb5dd8-3419-476a-8292-cb174eed949f'),(24,'2014-09-11 22:13:00','127.0.0.1','7','查找2ffb5dd8-3419-476a-8292-cb174eed949f投资人的投资信息','admin','2ffb5dd8-3419-476a-8292-cb174eed949f'),(25,'2014-09-11 22:18:39','127.0.0.1','2','增加2ffb5dd8-3419-476a-8292-cb174eed949f投资信息','admin','2ffb5dd8-3419-476a-8292-cb174eed949f'),(26,'2014-09-11 22:27:42','127.0.0.1','2','增加2ffb5dd8-3419-476a-8292-cb174eed949f投资信息','admin','2ffb5dd8-3419-476a-8292-cb174eed949f'),(27,'2014-09-11 22:29:50','127.0.0.1','2','增加2ffb5dd8-3419-476a-8292-cb174eed949f投资信息','admin','2ffb5dd8-3419-476a-8292-cb174eed949f'),(28,'2014-09-11 22:31:40','127.0.0.1','2','增加2ffb5dd8-3419-476a-8292-cb174eed949f投资信息','admin','2ffb5dd8-3419-476a-8292-cb174eed949f'),(29,'2014-09-11 22:32:09','127.0.0.1','2','增加2ffb5dd8-3419-476a-8292-cb174eed949f投资信息','admin','2ffb5dd8-3419-476a-8292-cb174eed949f'),(30,'2014-09-11 22:33:43','127.0.0.1','2','增加投资信息','admin',''),(31,'2014-09-11 22:37:14','127.0.0.1','2','增加投资信息','admin',''),(32,'2014-09-11 22:37:24','127.0.0.1','2','增加投资信息','admin',''),(33,'2014-09-11 22:38:34','127.0.0.1','2','增加投资信息','admin',''),(34,'2014-09-11 23:32:37','127.0.0.1','2','增加a5b835b0-f351-458a-b9ad-abbbc23e66f3投资信息','admin','a5b835b0-f351-458a-b9ad-abbbc23e66f3'),(35,'2014-09-11 23:34:10','127.0.0.1','2','增加a5b835b0-f351-458a-b9ad-abbbc23e66f3,投资信息','admin','a5b835b0-f351-458a-b9ad-abbbc23e66f3,'),(36,'2014-09-11 23:35:19','127.0.0.1','2','增加efc80edb-f3f2-4945-a1a8-4655b7570290投资信息','admin','efc80edb-f3f2-4945-a1a8-4655b7570290'),(37,'2014-09-11 23:36:11','127.0.0.1','2','增加7f602f7e-e333-450a-a5d5-27b7bb561906投资信息','admin','7f602f7e-e333-450a-a5d5-27b7bb561906'),(38,'2014-09-11 23:37:08','127.0.0.1','2','增加2206007e-2ed7-4506-9bae-5fa2c0eba4d3投资信息','admin','2206007e-2ed7-4506-9bae-5fa2c0eba4d3'),(39,'2014-09-11 23:37:54','127.0.0.1','2','增加9455264a-e285-4b3e-b9b8-93d22831523f投资信息','admin','9455264a-e285-4b3e-b9b8-93d22831523f'),(40,'2014-09-11 23:41:01','127.0.0.1','2','增加d0355a00-708e-4009-b6b6-52a64655183e投资信息','admin','d0355a00-708e-4009-b6b6-52a64655183e'),(41,'2014-09-11 23:42:33','127.0.0.1','2','增加d0355a00-708e-4009-b6b6-52a64655183e,投资信息','admin','d0355a00-708e-4009-b6b6-52a64655183e,'),(42,'2014-09-11 23:43:01','127.0.0.1','2','增加cefe654a-c08a-40bb-95a2-ee773578c4b8投资信息','admin','cefe654a-c08a-40bb-95a2-ee773578c4b8'),(43,'2014-09-11 23:43:11','127.0.0.1','2','增加cefe654a-c08a-40bb-95a2-ee773578c4b8投资信息','admin','cefe654a-c08a-40bb-95a2-ee773578c4b8'),(44,'2014-09-12 12:41:48','127.0.0.1','3','查找投资人的投资信息','admin','174c0ee0-3774-4f6e-8093-ce88bf21b5a8'),(45,'2014-09-12 12:43:01','127.0.0.1','3','查找投资人的投资信息','admin','21548693-429d-4e46-be6b-d3f2d2ef0c2c'),(46,'2014-09-12 12:44:43','127.0.0.1','3','查找投资人的投资信息','admin','5fcafe1d-2967-480a-bb43-567f093cca9a'),(47,'2014-09-12 12:46:26','127.0.0.1','3','查找投资人的投资信息','admin','e6e86649-4428-4819-8c45-12794c7fce07'),(48,'2014-09-12 12:46:54','127.0.0.1','3','查找投资人的投资信息','admin','bb505c6f-4b6c-40c0-90f8-511ac49909fd'),(49,'2014-09-12 12:47:26','127.0.0.1','3','查找投资人的投资信息','admin','d2c25cc2-957c-4122-9d48-d0c5a8a96836'),(50,'2014-09-12 12:47:41','127.0.0.1','3','查找投资人的投资信息','admin','99111cca-8399-4187-b546-7bb37c2b1c0c'),(51,'2014-09-12 12:47:55','127.0.0.1','3','查找投资人的投资信息','admin','cfd6fd05-1618-4e08-8e47-b0cee962a750'),(52,'2014-09-12 12:48:12','127.0.0.1','3','查找投资人的投资信息','admin','60ad9b4f-606c-4935-bb3b-837f10b26445'),(53,'2014-09-12 12:48:23','127.0.0.1','3','查找投资人的投资信息','admin','e9f466c6-a1d7-4242-b256-7bf5b3bd80ca'),(54,'2014-09-12 12:48:29','127.0.0.1','3','查找投资人的投资信息','admin','8a65ee3e-80b8-487c-98c8-64fc8a416a07'),(55,'2014-09-12 12:48:43','127.0.0.1','3','查找投资人的投资信息','admin','c4e51b9e-9a82-459f-ad94-cae5d9f78934'),(56,'2014-09-12 12:48:58','127.0.0.1','3','查找投资人的投资信息','admin','35c7f9b4-b609-42c9-bd8c-415cbe0c9d6e'),(57,'2014-09-12 12:51:37','127.0.0.1','3','查找投资人的投资信息','admin','f3163b0a-29a1-4039-a6ac-90141812e4d3'),(58,'2014-09-12 12:52:28','127.0.0.1','3','查找投资人的投资信息','admin','2bed4a20-0259-4c7b-932a-d55f58530be7'),(59,'2014-09-12 12:56:15','127.0.0.1','3','查找投资人的投资信息','admin','179026d9-8e0f-474d-918d-2c8019a0f8dd'),(60,'2014-09-12 12:56:48','127.0.0.1','3','查找投资人的投资信息','admin','94467d44-0108-414c-80fd-be0c2c0fd67d'),(61,'2014-09-12 12:58:51','127.0.0.1','3','查找投资人的投资信息','admin','a2346098-bfc4-4606-827e-fa9a9615afc7'),(62,'2014-09-12 12:59:14','127.0.0.1','3','查找投资人的投资信息','admin','bd330ac0-0a06-4149-abf4-19494a366cc2'),(63,'2014-09-12 13:00:46','127.0.0.1','3','查找投资人的投资信息','admin','f4ff62c2-354f-4dbf-abc6-37784a386d31'),(64,'2014-09-12 13:01:50','127.0.0.1','3','查找投资人的投资信息','admin','3abac4f3-f6ff-4081-a6d5-6af270eb9046'),(65,'2014-09-12 13:02:25','127.0.0.1','3','查找投资人的投资信息','admin','b0d18d31-d8f0-4828-bdd5-b336ed917abb'),(66,'2014-09-12 13:02:39','127.0.0.1','3','查找投资人的投资信息','admin','1965d671-cfa4-4b35-b436-ff4bc4efa2f0'),(67,'2014-09-12 13:02:52','127.0.0.1','3','查找投资人的投资信息','admin','928d9c1e-7af5-4127-a4ca-dee9fcd53dd1'),(68,'2014-09-12 13:03:02','127.0.0.1','3','查找投资人的投资信息','admin','28c4413a-0b3e-49da-b0c3-15875c289d35'),(69,'2014-09-12 13:03:18','127.0.0.1','3','查找投资人的投资信息','admin','eb27a228-822d-442b-b08f-053aa7696fb7'),(70,'2014-09-12 13:07:04','127.0.0.1','3','查找投资人的投资信息','admin','0a233e2a-777c-40f0-8993-8566d3503e9f'),(71,'2014-09-12 13:07:32','127.0.0.1','3','查找投资人的投资信息','admin','26ba18c1-e4bc-4d9d-8764-4fb07781fab1'),(72,'2014-09-12 13:07:45','127.0.0.1','3','查找投资人的投资信息','admin','0444e0ed-f6fd-451c-bea3-124fe36e32b4'),(73,'2014-09-12 13:07:59','127.0.0.1','3','查找投资人的投资信息','admin','eb45c3f3-b89f-42a1-b30f-884fe519781b'),(74,'2014-09-12 13:08:10','127.0.0.1','3','查找投资人的投资信息','admin','4fa43607-05b8-4d10-840b-14723c8e0c2e'),(75,'2014-09-12 13:08:24','127.0.0.1','3','查找投资人的投资信息','admin','93077a05-1a8a-4a0d-8993-231d014e62ca'),(76,'2014-09-12 13:08:42','127.0.0.1','3','查找投资人的投资信息','admin','db6d090e-c3e7-4b23-a827-96aa909468e5'),(77,'2014-09-12 13:08:52','127.0.0.1','3','查找投资人的投资信息','admin','346f2352-d6fd-4c7b-a2f1-8a8d3f8d455e'),(78,'2014-09-12 13:09:04','127.0.0.1','3','查找投资人的投资信息','admin','f5c6775c-d06e-4c4c-9165-5eda74339597'),(79,'2014-09-12 13:09:56','127.0.0.1','3','查找投资人的投资信息','admin','93bedc7a-73d4-4546-ba9f-b7a185ee702f'),(80,'2014-09-12 13:10:23','127.0.0.1','3','查找投资人的投资信息','admin','1a7e150c-7fce-4dc3-93b2-e505938c9b60'),(81,'2014-09-12 13:20:25','127.0.0.1','3','查找投资人的投资信息','admin','5b418109-19e2-4395-a710-8a288128c89c'),(82,'2014-09-12 13:20:37','127.0.0.1','2','增加eb6d6f5a-a265-4694-a1c4-ea14b143321e投资信息','admin','eb6d6f5a-a265-4694-a1c4-ea14b143321e'),(83,'2014-09-12 13:23:29','127.0.0.1','3','查找投资人的投资信息','admin','05e33cfb-fb45-4128-8316-f42bb95e9129'),(84,'2014-09-12 13:23:39','127.0.0.1','2','增加ffeb6f64-cff9-4ea6-a01c-bf7d4799c4c8投资信息','admin','ffeb6f64-cff9-4ea6-a01c-bf7d4799c4c8'),(85,'2014-09-12 13:43:50','127.0.0.1','3','查找投资人的投资信息','admin','66a5ccf3-00ff-4a5f-9d8d-d591eb2ae3d3'),(86,'2014-09-12 13:45:23','127.0.0.1','3','查找投资人的投资信息','admin','389c49ab-7fe7-407f-bfa3-bc25cd10a4cc'),(87,'2014-09-12 13:45:41','127.0.0.1','2','增加505a9c8b-d798-47a3-ae9d-7c4f6e6590f0投资信息','admin','505a9c8b-d798-47a3-ae9d-7c4f6e6590f0'),(88,'2014-09-12 13:47:55','127.0.0.1','3','查找投资人的投资信息','admin','85cd6664-656b-4f9b-bc3d-37aa0aa9a887'),(89,'2014-09-12 13:48:05','127.0.0.1','2','增加ae2b30d1-7886-4f2e-88bb-ec18cc317479投资信息','admin','ae2b30d1-7886-4f2e-88bb-ec18cc317479'),(90,'2014-09-12 13:48:21','127.0.0.1','2','增加ae2b30d1-7886-4f2e-88bb-ec18cc317479投资信息','admin','ae2b30d1-7886-4f2e-88bb-ec18cc317479'),(91,'2014-09-12 13:48:56','127.0.0.1','2','删除22投资信息','admin','22'),(92,'2014-09-12 14:02:26','127.0.0.1','4','增加ae2b30d1-7886-4f2e-88bb-ec18cc317479投资人信息','admin','ae2b30d1-7886-4f2e-88bb-ec18cc317479'),(93,'2014-09-12 15:16:55','127.0.0.1','3','查找投资人的投资信息','admin','ffaccae2-72eb-4ffd-ac0c-99731bbb1db5'),(94,'2014-09-12 15:16:55','127.0.0.1','3','查找投资人的投资信息','admin','bc71f447-485e-497c-ad3d-51065aba4883'),(95,'2014-09-12 15:22:33','127.0.0.1','2','增加a87b9cf3-5045-4ca8-a0fd-09d126e770bb投资信息','admin','a87b9cf3-5045-4ca8-a0fd-09d126e770bb'),(96,'2014-09-12 15:22:36','127.0.0.1','4','增加a87b9cf3-5045-4ca8-a0fd-09d126e770bb投资人信息','admin','a87b9cf3-5045-4ca8-a0fd-09d126e770bb'),(97,'2014-09-12 15:23:04','127.0.0.1','4','增加a87b9cf3-5045-4ca8-a0fd-09d126e770bb投资人信息','admin','a87b9cf3-5045-4ca8-a0fd-09d126e770bb'),(98,'2014-09-12 15:23:57','127.0.0.1','4','增加a87b9cf3-5045-4ca8-a0fd-09d126e770bb投资人信息','admin','a87b9cf3-5045-4ca8-a0fd-09d126e770bb'),(99,'2014-09-12 15:55:01','127.0.0.1','3','查找投资人的投资信息','admin','b36309a4-e6ad-4efe-a0b0-51ea4542fc0c'),(100,'2014-09-12 15:55:01','127.0.0.1','3','查找投资人的投资信息','admin','b36309a4-e6ad-4efe-a0b0-51ea4542fc0c'),(101,'2014-09-12 15:56:12','127.0.0.1','3','查找投资人的投资信息','admin','f1bd7d1e-e5ab-4237-9acc-cc0baafb6129'),(102,'2014-09-12 15:56:23','127.0.0.1','3','查找投资人的投资信息','admin','8dce0f32-2b85-41eb-bea3-356a7c300774'),(103,'2014-09-12 15:56:56','127.0.0.1','3','查找投资人的投资信息','admin','99cd981d-f47e-4e67-8e0c-c71b7f708d3e'),(104,'2014-09-12 15:58:31','127.0.0.1','3','查找投资人的投资信息','admin','4725a7d9-5778-4359-bbcf-e01db936cb96'),(105,'2014-09-12 16:04:04','127.0.0.1','3','查找投资人的投资信息','admin','4c4045ec-05a8-4cbb-9f23-838fb21d1121'),(106,'2014-09-12 17:34:17','127.0.0.1','3','查找投资人的投资信息','admin','86d834e1-a607-4708-bd09-930efd3e7eb9'),(107,'2014-09-12 17:34:32','127.0.0.1','3','查找投资人的投资信息','admin','16953074-a2d1-4a96-9b94-b062f197eefc'),(108,'2014-09-12 17:50:09','127.0.0.1','2','增加cb41a1c0-1ca6-4f4e-82c3-48814c78fea2投资信息','admin','cb41a1c0-1ca6-4f4e-82c3-48814c78fea2'),(109,'2014-09-12 17:51:27','127.0.0.1','3','查找投资人的投资信息','admin','b885fb4f-6ced-444a-a115-8dec30d250ca'),(110,'2014-09-12 17:51:30','127.0.0.1','3','查找投资人的投资信息','admin','097fa452-bfff-4df0-b120-ca8facbfa4f0'),(111,'2014-09-12 17:51:49','127.0.0.1','4','增加17301878-5a43-4ccd-930b-17c2f26550d8投资人信息','admin','17301878-5a43-4ccd-930b-17c2f26550d8'),(112,'2014-09-12 17:53:16','127.0.0.1','3','查找投资人的投资信息','admin','952da5ee-d9ac-496a-a7ac-974c6a463a39'),(113,'2014-09-12 17:53:47','127.0.0.1','2','增加d0f9f569-2dfc-4fa2-8155-564bce14ead9投资信息','admin','d0f9f569-2dfc-4fa2-8155-564bce14ead9'),(114,'2014-09-12 17:53:57','127.0.0.1','4','增加d0f9f569-2dfc-4fa2-8155-564bce14ead9投资人信息','admin','d0f9f569-2dfc-4fa2-8155-564bce14ead9'),(115,'2014-09-12 18:08:16','127.0.0.1','3','查找投资人的投资信息','admin','703f77ec-6a46-4605-b100-563f385b63b6'),(116,'2014-09-12 18:08:43','127.0.0.1','3','查找投资人的投资信息','admin','703b25d9-7fdd-4a5f-b978-668aa423cd32'),(117,'2014-09-12 18:10:54','127.0.0.1','3','查找投资人的投资信息','admin','7b3effed-8666-4719-834c-36d0f13ab2d9'),(118,'2014-09-12 18:12:53','127.0.0.1','3','查找投资人的投资信息','admin','0505c010-db59-408f-bdca-4fc734658d16'),(119,'2014-09-12 18:14:06','127.0.0.1','3','查找投资人的投资信息','admin','bfc61bd7-3ad2-4dee-85bc-54cf1178fd26'),(120,'2014-09-12 18:14:13','127.0.0.1','3','查找投资人的投资信息','admin','af31a89e-5b56-48ed-883b-27ffe4db3057'),(121,'2014-09-12 18:14:52','127.0.0.1','3','查找投资人的投资信息','admin','cc7d9fdc-4d5a-4beb-9f06-ef167d822760'),(122,'2014-09-12 18:15:28','127.0.0.1','3','查找投资人的投资信息','admin','b52cce36-b3e0-4fbd-8c3f-9bb24d823d74'),(123,'2014-09-12 18:19:41','127.0.0.1','2','增加2fcdfada-f93f-4c64-94e4-bc265e815a9c投资信息','admin','2fcdfada-f93f-4c64-94e4-bc265e815a9c'),(124,'2014-09-12 18:22:19','127.0.0.1','3','查找投资人的投资信息','admin','1a76ad48-f909-466f-8eab-1bda174f40b6'),(125,'2014-09-12 18:24:01','127.0.0.1','3','查找投资人的投资信息','admin','3fc6dcbe-fd5d-4b75-9659-cb260af0162b'),(126,'2014-09-12 18:24:22','127.0.0.1','3','查找投资人的投资信息','admin','86e97c1d-5a4b-4c51-b93d-74375a4df207'),(127,'2014-09-12 18:27:37','127.0.0.1','3','查找投资人的投资信息','admin','c008ebe7-a042-47cf-bdd9-699694306ba4'),(128,'2014-09-12 18:27:47','127.0.0.1','3','查找投资人的投资信息','admin','25d9de2f-4b22-42d9-b0b3-3de6161328b2'),(129,'2014-09-12 18:29:42','127.0.0.1','3','查找投资人的投资信息','admin','e9931b65-3a97-476e-bcc8-541252f94357'),(130,'2014-09-12 18:31:06','127.0.0.1','3','查找投资人的投资信息','admin','597aded8-82d6-4c7e-af60-d4557e8f6ef5'),(131,'2014-09-12 18:31:33','127.0.0.1','3','查找投资人的投资信息','admin','dcc1f413-063f-4c69-80bd-ea9111798f4d'),(132,'2014-09-12 18:32:55','127.0.0.1','3','查找投资人的投资信息','admin','a7bece6c-10d6-41cc-aafb-01b1c66cae21'),(133,'2014-09-12 18:34:46','127.0.0.1','3','查找投资人的投资信息','admin','e5827351-a697-4e62-a5b8-4059e9111148'),(134,'2014-09-12 18:37:00','127.0.0.1','3','查找投资人的投资信息','admin','f1439f8d-0108-4dc1-807e-0decefab4696'),(135,'2014-09-12 18:37:32','127.0.0.1','3','查找投资人的投资信息','admin','9ecfc1f8-723e-439f-a8af-0fa904f7e9d8'),(136,'2014-09-12 18:41:24','127.0.0.1','3','查找投资人的投资信息','admin','1f9e432f-7407-41f1-8b90-d4ce8d98318a'),(137,'2014-09-12 18:41:38','127.0.0.1','3','查找投资人的投资信息','admin','984aee57-4a4a-45dd-b78b-1091d29bc1f1'),(138,'2014-09-12 18:56:24','127.0.0.1','3','查找投资人的投资信息','admin','5132fc53-0595-47fd-9417-7c1e16630c04'),(139,'2014-09-12 18:58:24','127.0.0.1','3','查找投资人的投资信息','admin','da45426b-c032-43a8-96b1-ecd530467b47'),(140,'2014-09-12 18:59:25','127.0.0.1','3','查找投资人的投资信息','admin','c62aed9e-bf78-4956-b98f-d45a67f67a27'),(141,'2014-09-12 19:02:03','127.0.0.1','3','查找投资人的投资信息','admin','af691425-0181-4724-a7b2-f4c5d3e77fd0'),(142,'2014-09-12 19:06:34','127.0.0.1','3','查找投资人的投资信息','admin','f0e32e7c-5e77-4daa-ad6f-f2710ff9ae67'),(143,'2014-09-12 19:06:56','127.0.0.1','3','查找投资人的投资信息','admin','6d2d56dc-309c-4483-86bd-0842acf7b285'),(144,'2014-09-12 19:07:52','127.0.0.1','3','查找投资人的投资信息','admin','d83c4d58-a687-4f34-af50-dc955b466ac3'),(145,'2014-09-12 19:10:54','127.0.0.1','3','查找投资人的投资信息','admin','5dd72f8c-67c1-4b83-a56e-e0a121b86bf5'),(146,'2014-09-12 19:12:23','127.0.0.1','3','查找投资人的投资信息','admin','d9059c4b-6b30-4276-b23c-8ce31e58b2ce'),(147,'2014-09-12 19:12:46','127.0.0.1','3','查找投资人的投资信息','admin','7f943942-2777-46ad-b604-fe44231031d2'),(148,'2014-09-12 19:15:58','127.0.0.1','3','查找投资人的投资信息','admin','62c2b650-6e7c-4993-97c4-55ad4a46d49e'),(149,'2014-09-12 19:16:26','127.0.0.1','3','查找投资人的投资信息','admin','ce037098-840c-47fd-8ff6-dbaf8aac17a1'),(150,'2014-09-12 19:16:50','127.0.0.1','3','查找投资人的投资信息','admin','cfba134d-dc9f-4274-833f-df54330cd8e4'),(151,'2014-09-12 19:21:11','127.0.0.1','3','查找投资人的投资信息','admin','be727577-8202-4285-819a-f87801732552'),(152,'2014-09-12 19:22:26','127.0.0.1','3','查找投资人的投资信息','admin','d848f46a-d354-4afc-876a-55e8774f14d3'),(153,'2014-09-12 19:22:28','127.0.0.1','3','查找投资人的投资信息','admin','eeba3fed-75a1-4bc9-9e05-a07c2dcda8fa'),(154,'2014-09-12 19:22:58','127.0.0.1','3','查找投资人的投资信息','admin','74bef870-4770-4484-8e73-63f5082aa236'),(155,'2014-09-12 19:25:06','127.0.0.1','3','查找投资人的投资信息','admin','ab6ba187-f42a-4887-9120-70fab8081240'),(156,'2014-09-12 19:28:37','127.0.0.1','3','查找投资人的投资信息','admin','91eebd51-8327-492d-8f76-7bf48d767b12'),(157,'2014-09-12 19:30:34','127.0.0.1','3','查找投资人的投资信息','admin','692f0811-4ceb-4d6c-8f33-f3b6bfc3bf93'),(158,'2014-09-12 19:31:25','127.0.0.1','3','查找投资人的投资信息','admin','9729ea74-c032-4f94-a41f-fd55e1401567'),(159,'2014-09-12 19:32:01','127.0.0.1','2','增加22425427-aa57-429c-b11d-864add11409f投资信息','admin','22425427-aa57-429c-b11d-864add11409f'),(160,'2014-09-12 23:27:26','127.0.0.1','3','查找投资人的投资信息','admin','453cb9ee-678d-4f9d-a8fa-99876e15c7ec'),(161,'2014-09-12 23:27:26','127.0.0.1','3','查找投资人的投资信息','admin','453cb9ee-678d-4f9d-a8fa-99876e15c7ec'),(162,'2014-09-12 23:34:41','127.0.0.1','3','查找投资人的投资信息','admin','115ff65b-2db3-4b06-b516-24c452a9a2a4'),(163,'2014-09-12 23:34:53','127.0.0.1','4','增加a87b9cf3-5045-4ca8-a0fd-09d126e770bb投资人信息','admin','a87b9cf3-5045-4ca8-a0fd-09d126e770bb'),(164,'2014-09-12 23:35:00','127.0.0.1','3','查找投资人的投资信息','admin','01de2cdd-d746-4d54-957a-90f38126e83d'),(165,'2014-09-12 23:38:54','127.0.0.1','3','查找投资人的投资信息','admin','98a789c1-8558-4007-b55d-28ecb18504f8'),(166,'2014-09-12 23:39:42','127.0.0.1','3','查找投资人的投资信息','admin','e95e570c-0f9d-4fd6-87ef-6c54e9f9c704'),(167,'2014-09-12 23:39:49','127.0.0.1','6','编辑a87b9cf3-5045-4ca8-a0fd-09d126e770bb投资信息','admin','a87b9cf3-5045-4ca8-a0fd-09d126e770bb'),(168,'2014-09-12 23:41:53','127.0.0.1','3','查找投资人的投资信息','admin','16f9c626-259b-4fbd-8af9-c77ff6047f44'),(169,'2014-09-12 23:59:33','127.0.0.1','3','查找投资人的投资信息','admin','f4d5be93-4a49-4d89-8cda-7ce40a1f33bb'),(170,'2014-09-12 23:59:33','127.0.0.1','3','查找投资人的投资信息','admin','f4d5be93-4a49-4d89-8cda-7ce40a1f33bb'),(171,'2014-09-13 00:00:01','127.0.0.1','3','查找投资人的投资信息','admin','c140a672-272c-4f68-93c6-b3ce5274da6b'),(172,'2014-09-13 00:04:45','127.0.0.1','3','查找投资人的投资信息','admin','056b0b7b-a5b3-4a34-94d2-4cdf30422ffb'),(173,'2014-09-13 00:05:47','127.0.0.1','3','查找投资人的投资信息','admin','cee60369-1e7c-41b4-b5e9-c81c1de7b259'),(174,'2014-09-13 00:06:23','127.0.0.1','3','查找投资人的投资信息','admin','8f4abe39-44f1-4841-aeac-7a891f91919c'),(175,'2014-09-13 00:06:35','127.0.0.1','3','查找投资人的投资信息','admin','1a63ab1a-257e-4da7-a0e1-7546d7a33453'),(176,'2014-09-13 00:06:50','127.0.0.1','3','查找投资人的投资信息','admin','a8f66bd2-780c-4315-b467-8ff7c58ced9e'),(177,'2014-09-13 00:09:53','127.0.0.1','3','查找投资人的投资信息','admin','8a389b25-d136-43d8-9689-d2ddaa6081ba'),(178,'2014-09-13 00:13:42','127.0.0.1','3','查找投资人的投资信息','admin','ead34257-2dbf-49a6-b2c5-bddc5de25ea2'),(179,'2014-09-13 00:14:03','127.0.0.1','5','删除3投资信息','admin','3'),(180,'2014-09-13 00:15:00','127.0.0.1','3','查找投资人的投资信息','admin','72f2b5d0-6684-432b-8b2e-9fbccd0f20bd'),(181,'2014-09-13 00:15:36','127.0.0.1','3','查找投资人的投资信息','admin','314bf0a7-2100-4fe4-9f9a-dca85e769ae6'),(182,'2014-09-13 00:19:26','127.0.0.1','3','查找投资人的投资信息','admin','3c1f99f6-c50e-49b4-9bcf-58aa0d5774d2'),(183,'2014-09-13 00:19:38','127.0.0.1','6','编辑a87b9cf3-5045-4ca8-a0fd-09d126e770bb投资信息','admin','a87b9cf3-5045-4ca8-a0fd-09d126e770bb'),(184,'2014-09-13 00:21:36','127.0.0.1','3','查找投资人的投资信息','admin','df8d8e61-1a93-4fa8-b06c-9d77d767af78'),(185,'2014-09-16 12:56:59','127.0.0.1','3','查找投资人的投资信息','admin','11a67ce0-66ad-4dbc-8de5-afdf536975f3'),(186,'2014-09-16 12:56:59','127.0.0.1','3','查找投资人的投资信息','admin','11a67ce0-66ad-4dbc-8de5-afdf536975f3'),(187,'2014-09-23 13:06:41','127.0.0.1','3','查找投资人的投资信息','admin','66343045-5fe5-4c88-88d9-d5b3e332b18e'),(188,'2014-09-23 13:07:02','127.0.0.1','3','查找投资人的投资信息','admin','3001b4ab-a658-447b-a24e-44919d5d03a7'),(189,'2014-09-23 13:09:07','127.0.0.1','3','查找投资人的投资信息','admin','44689493-da51-482e-9e4b-71ed2c4346d6'),(190,'2014-09-25 21:30:37','0:0:0:0:0:0:0:1','3','查找投资人的投资信息','admin','180e211f-b37b-49f7-8497-67462bbdfbdb'),(191,'2014-09-25 21:30:37','0:0:0:0:0:0:0:1','3','查找投资人的投资信息','admin','180e211f-b37b-49f7-8497-67462bbdfbdb'),(192,'2014-09-28 20:56:48','0:0:0:0:0:0:0:1','3','查找投资人的投资信息','admin','bab49a48-75d9-498f-af78-884901ff5a6c'),(193,'2014-09-28 20:57:52','0:0:0:0:0:0:0:1','2','增加4a5dd5d2-de7d-4ccd-94b7-dc8ceaaa2018投资信息','admin','4a5dd5d2-de7d-4ccd-94b7-dc8ceaaa2018'),(194,'2014-09-28 20:58:16','0:0:0:0:0:0:0:1','4','增加4a5dd5d2-de7d-4ccd-94b7-dc8ceaaa2018投资人信息','admin','4a5dd5d2-de7d-4ccd-94b7-dc8ceaaa2018'),(195,'2014-09-28 21:09:11','0:0:0:0:0:0:0:1','3','查找投资人的投资信息','admin','4fc31bac-e739-41c5-8e7d-f42a8fa982ba'),(196,'2014-09-28 21:09:16','0:0:0:0:0:0:0:1','3','查找投资人的投资信息','admin','b2f57e71-871e-42c7-8579-5036614047f0'),(197,'2014-09-28 21:09:24','0:0:0:0:0:0:0:1','3','查找投资人的投资信息','admin','1cf4c576-e916-4710-8b1b-c6fa3b29c609'),(198,'2014-09-28 21:12:24','127.0.0.1','3','查找投资人的投资信息','admin','aaf31ecb-69d5-423d-95f3-65b1b1b05719'),(199,'2014-09-28 21:12:24','127.0.0.1','3','查找投资人的投资信息','admin','aaf31ecb-69d5-423d-95f3-65b1b1b05719'),(200,'2014-09-28 21:13:12','127.0.0.1','3','查找投资人的投资信息','admin','602a2c3c-4b61-4c74-9313-5f15fad93dea'),(201,'2014-09-28 21:16:11','127.0.0.1','3','查找投资人的投资信息','admin','c9148531-1117-4ffd-9ce4-0079438e8a7d'),(202,'2014-09-28 21:16:11','127.0.0.1','3','查找投资人的投资信息','admin','c9148531-1117-4ffd-9ce4-0079438e8a7d'),(203,'2014-09-28 21:20:00','127.0.0.1','2','增加c0426297-1784-4a54-829e-e120cd7ef8b3投资信息','admin','c0426297-1784-4a54-829e-e120cd7ef8b3'),(204,'2014-09-28 21:20:13','127.0.0.1','4','增加c0426297-1784-4a54-829e-e120cd7ef8b3投资人信息','admin','c0426297-1784-4a54-829e-e120cd7ef8b3'),(205,'2014-09-28 21:21:44','127.0.0.1','3','查找投资人的投资信息','admin','f05e03f2-c3d2-41c0-93ef-1b588e668e70'),(206,'2014-09-28 21:22:03','127.0.0.1','3','查找投资人的投资信息','admin','637440cd-f6d2-4506-ba15-d97dfff0db8d'),(207,'2014-09-28 21:22:43','127.0.0.1','3','查找投资人的投资信息','admin','12ea559d-d6a8-4b98-81e7-1fce7b36bc99'),(208,'2014-09-28 21:23:43','127.0.0.1','3','查找投资人的投资信息','admin','40741289-55b8-4f26-b8d7-37df5ef327c4'),(209,'2014-09-28 21:23:45','127.0.0.1','3','查找投资人的投资信息','admin','2dc67d5d-ba08-4f5e-8498-9672932bbee3'),(210,'2014-09-28 21:24:11','127.0.0.1','3','查找投资人的投资信息','admin','a709bfc2-d80f-4bd4-b710-544fa71b5dd8'),(211,'2014-09-28 21:26:33','127.0.0.1','3','查找投资人的投资信息','admin','b79a3108-2b87-4aea-8893-4907cb6e9f1e'),(212,'2014-09-28 21:28:17','127.0.0.1','2','增加294514f0-589f-4d71-ae5e-7dbb78eda712投资信息','admin','294514f0-589f-4d71-ae5e-7dbb78eda712'),(213,'2014-09-28 21:28:27','127.0.0.1','4','增加294514f0-589f-4d71-ae5e-7dbb78eda712投资人信息','admin','294514f0-589f-4d71-ae5e-7dbb78eda712'),(214,'2014-09-28 21:51:15','127.0.0.1','3','查找投资人的投资信息','admin','748abde3-f0ac-4f6b-a30b-5db905182d21'),(215,'2014-09-28 22:02:37','127.0.0.1','3','查找投资人的投资信息','admin','55a37f45-e6cb-4203-a080-eb7a81afdc51'),(216,'2014-09-28 22:21:58','127.0.0.1','3','查找投资人的投资信息','admin','29655a44-0db8-4b0f-b150-80d9690a6765'),(217,'2014-09-29 13:48:28','127.0.0.1','3','查找投资人的投资信息','admin','1beaa498-8962-48ab-9795-ac11e7ea2c09'),(218,'2014-09-29 13:48:28','127.0.0.1','3','查找投资人的投资信息','admin','9b1a8046-969c-4402-95aa-3e4d7a2a6808'),(219,'2014-10-12 14:12:49','127.0.0.1','3','查找投资人的投资信息','admin','261fc814-bf3d-45d5-97ac-0e4040463cdd'),(220,'2014-10-16 10:01:45','127.0.0.1','3','查找投资人的投资信息','admin','c47b9c84-9341-4515-ade7-2c9d7e496643'),(221,'2014-10-16 10:01:45','127.0.0.1','3','查找投资人的投资信息','admin','c47b9c84-9341-4515-ade7-2c9d7e496643'),(222,'2014-10-16 10:01:59','127.0.0.1','3','查找投资人的投资信息','admin','734c679f-f090-4e17-bc88-be1b177a5b72'),(223,'2014-10-23 16:44:54','0:0:0:0:0:0:0:1','3','查找投资人的投资信息','admin','f45de6a5-f662-484c-8d1c-8585f7a28ec0'),(224,'2014-10-23 16:44:54','0:0:0:0:0:0:0:1','3','查找投资人的投资信息','admin','f45de6a5-f662-484c-8d1c-8585f7a28ec0'),(225,'2014-10-28 20:59:21','127.0.0.1','3','查找投资人的投资信息','admin','529c3c63-0660-4751-bdf5-223a1161cd2b'),(226,'2014-11-06 21:13:47','0:0:0:0:0:0:0:1','3','查找投资人的投资信息','admin','7acd73db-3d6c-49e5-8022-86c95d35daf6'),(227,'2014-11-06 21:13:47','0:0:0:0:0:0:0:1','3','查找投资人的投资信息','admin','7acd73db-3d6c-49e5-8022-86c95d35daf6'),(228,'2014-11-06 21:17:09','0:0:0:0:0:0:0:1','3','查找投资人的投资信息','admin','847583ce-c0ec-4733-8307-0159f22ecd87'),(229,'2014-11-06 21:17:09','0:0:0:0:0:0:0:1','3','查找投资人的投资信息','admin','f2e7fc2e-0d29-4f1d-be9e-fd3eed4c450f'),(230,'2014-11-09 23:06:33','0:0:0:0:0:0:0:1','3','查找投资人的投资信息','admin','5cfa65ae-d236-4d6c-80ab-38003cec4b19'),(231,'2014-11-09 23:29:25','0:0:0:0:0:0:0:1','3','查找投资人的投资信息','admin','ad6956d7-f41c-4616-9682-77eff90a27c0'),(232,'2014-11-09 23:29:25','0:0:0:0:0:0:0:1','3','查找投资人的投资信息','admin','7e65587a-22bd-45ae-9334-29d40cf2d903'),(233,'2014-11-09 23:35:01','0:0:0:0:0:0:0:1','4','增加53064a8c-553f-4dcf-904a-0a8da0946b52投资人信息','admin','53064a8c-553f-4dcf-904a-0a8da0946b52'),(234,'2014-11-09 23:37:47','0:0:0:0:0:0:0:1','3','查找投资人的投资信息','admin','ca91eff3-6986-4562-bf57-4942af05fdb6'),(235,'2014-11-09 23:38:15','0:0:0:0:0:0:0:1','2','增加578d3b81-6efd-4cd6-bd79-7f0196f4cc70投资信息','admin','578d3b81-6efd-4cd6-bd79-7f0196f4cc70'),(236,'2014-11-09 23:38:25','0:0:0:0:0:0:0:1','4','增加578d3b81-6efd-4cd6-bd79-7f0196f4cc70投资人信息','admin','578d3b81-6efd-4cd6-bd79-7f0196f4cc70'),(237,'2014-11-09 23:40:28','0:0:0:0:0:0:0:1','6','编辑578d3b81-6efd-4cd6-bd79-7f0196f4cc70投资信息','admin','578d3b81-6efd-4cd6-bd79-7f0196f4cc70'),(238,'2014-11-09 23:41:42','0:0:0:0:0:0:0:1','5','删除7投资信息','admin','7');
/*!40000 ALTER TABLE `security_log_entity` ENABLE KEYS */;
UNLOCK TABLES;

--
-- Table structure for table `security_module`
--

DROP TABLE IF EXISTS `security_module`;
/*!40101 SET @saved_cs_client     = @@character_set_client */;
/*!40101 SET character_set_client = utf8 */;
CREATE TABLE `security_module` (
  `id` bigint(20) NOT NULL AUTO_INCREMENT,
  `description` varchar(255) DEFAULT NULL,
  `name` varchar(32) NOT NULL,
  `priority` int(11) NOT NULL,
  `sn` varchar(32) NOT NULL,
  `url` varchar(255) NOT NULL,
  `parent_id` bigint(20) DEFAULT NULL,
  `class_name` varchar(128) DEFAULT NULL,
  PRIMARY KEY (`id`)
) ENGINE=InnoDB AUTO_INCREMENT=50 DEFAULT CHARSET=utf8;
/*!40101 SET character_set_client = @saved_cs_client */;

--
-- Dumping data for table `security_module`
--

LOCK TABLES `security_module` WRITE;
/*!40000 ALTER TABLE `security_module` DISABLE KEYS */;
INSERT INTO `security_module` VALUES (1,'所有模块的根节点，不能删除。','根模块',1,'Root','#',0,NULL),(2,'安全管理:包含权限管理、模块管理等。','系统管理',99,'Security','#',1,'glyphicon glyphicon-cog'),(3,'','账号管理',99,'User','/console/security/user/list',2,'glyphicon glyphicon-user'),(4,'','角色管理',99,'Role','/console/security/role/list',2,'glyphicon glyphicon-heart'),(6,'','模块管理',99,'Module','/console/security/module/list',2,'glyphicon glyphicon-th-large'),(7,NULL,'组织管理',99,'Organization','/console/security/organization/list',2,'glyphicon glyphicon-th-list'),(8,'','资源监控',99,'Cache','/druid/index.html',2,'glyphicon glyphicon-eye-open');
/*!40000 ALTER TABLE `security_module` ENABLE KEYS */;
UNLOCK TABLES;

--
-- Table structure for table `security_organization`
--

DROP TABLE IF EXISTS `security_organization`;
/*!40101 SET @saved_cs_client     = @@character_set_client */;
/*!40101 SET character_set_client = utf8 */;
CREATE TABLE `security_organization` (
  `id` bigint(20) NOT NULL AUTO_INCREMENT,
  `description` varchar(255) DEFAULT NULL,
  `name` varchar(64) NOT NULL,
  `parent_id` bigint(20) DEFAULT NULL,
  PRIMARY KEY (`id`)
) ENGINE=InnoDB AUTO_INCREMENT=9 DEFAULT CHARSET=utf8;
/*!40101 SET character_set_client = @saved_cs_client */;

--
-- Dumping data for table `security_organization`
--

LOCK TABLES `security_organization` WRITE;
/*!40000 ALTER TABLE `security_organization` DISABLE KEYS */;
INSERT INTO `security_organization` VALUES (1,'不能删除。','根组织',NULL),(2,'','测试',1),(3,NULL,'销售部',2),(4,NULL,'市场部',2),(5,NULL,'财务部',2),(6,NULL,'客服部',2),(7,NULL,'运维部',2),(8,NULL,'技术支持',2);
/*!40000 ALTER TABLE `security_organization` ENABLE KEYS */;
UNLOCK TABLES;

--
-- Table structure for table `security_organization_role`
--

DROP TABLE IF EXISTS `security_organization_role`;
/*!40101 SET @saved_cs_client     = @@character_set_client */;
/*!40101 SET character_set_client = utf8 */;
CREATE TABLE `security_organization_role` (
  `id` bigint(20) NOT NULL AUTO_INCREMENT,
  `priority` int(11) NOT NULL,
  `organization_id` bigint(20) DEFAULT NULL,
  `role_id` bigint(20) DEFAULT NULL,
  PRIMARY KEY (`id`),
  KEY `FK557CA4C3C80E875F` (`organization_id`),
  KEY `FK557CA4C33FFD717F` (`role_id`)
) ENGINE=InnoDB DEFAULT CHARSET=utf8;
/*!40101 SET character_set_client = @saved_cs_client */;

--
-- Dumping data for table `security_organization_role`
--

LOCK TABLES `security_organization_role` WRITE;
/*!40000 ALTER TABLE `security_organization_role` DISABLE KEYS */;
/*!40000 ALTER TABLE `security_organization_role` ENABLE KEYS */;
UNLOCK TABLES;

--
-- Table structure for table `security_permission`
--

DROP TABLE IF EXISTS `security_permission`;
/*!40101 SET @saved_cs_client     = @@character_set_client */;
/*!40101 SET character_set_client = utf8 */;
CREATE TABLE `security_permission` (
  `id` bigint(20) NOT NULL AUTO_INCREMENT,
  `description` varchar(255) DEFAULT NULL,
  `name` varchar(32) NOT NULL,
  `short_name` varchar(16) NOT NULL,
  `module_id` bigint(20) DEFAULT NULL,
  PRIMARY KEY (`id`),
  KEY `FKBA7A9C2EBD56587F` (`module_id`)
) ENGINE=InnoDB AUTO_INCREMENT=93 DEFAULT CHARSET=utf8;
/*!40101 SET character_set_client = @saved_cs_client */;

--
-- Dumping data for table `security_permission`
--

LOCK TABLES `security_permission` WRITE;
/*!40000 ALTER TABLE `security_permission` DISABLE KEYS */;
INSERT INTO `security_permission` VALUES (1,NULL,'看','show',2),(2,NULL,'看','show',3),(3,NULL,'增','save',3),(4,NULL,'删','delete',3),(5,NULL,'查','view',3),(6,NULL,'改','edit',3),(7,'重置密码、更新状态','重置','reset',3),(8,'分配、撤销角色','授权','assign',3),(9,NULL,'看','show',4),(10,NULL,'增','save',4),(11,NULL,'删','delete',4),(12,NULL,'查','view',4),(13,NULL,'改','edit',4),(14,NULL,'授权','assign',4),(20,NULL,'看','show',6),(21,NULL,'增','save',6),(22,NULL,'删','delete',6),(23,NULL,'查','view',6),(24,NULL,'改','edit',6),(25,NULL,'看','show',7),(26,NULL,'增','save',7),(27,NULL,'删','delete',7),(28,NULL,'查','view',7),(29,NULL,'改','edit',7),(30,NULL,'授权','assign',7),(31,NULL,'看','show',8),(32,NULL,'删','delete',8),(33,NULL,'看','show',9),(34,NULL,'删','delete',9),(35,NULL,'查','view',9),(36,NULL,'看','show',10),(37,NULL,'看','show',11),(38,NULL,'增','save',11),(39,NULL,'删','delete',11),(40,NULL,'查','view',11),(41,NULL,'改','edit',11),(42,NULL,'看','show',12),(43,NULL,'看','show',13),(44,NULL,'看','show',14),(45,NULL,'看','show',15),(46,NULL,'增','save',15),(47,NULL,'删','delete',15),(48,NULL,'查','view',15),(49,NULL,'改','edit',15),(51,NULL,'增','save',16),(52,NULL,'删','delete',16),(53,NULL,'查','view',16),(56,NULL,'删','delete',17),(57,NULL,'改','edit',18),(58,NULL,'看','show',18),(59,NULL,'删','delete',18),(60,NULL,'show','show',23),(61,NULL,'save','save',23),(62,NULL,'edit','edit',23),(63,NULL,'delete','delete',23),(64,NULL,'show','show',24),(65,NULL,'save','save',24),(66,NULL,'edit','edit',24),(67,NULL,'delete','delete',24),(68,NULL,'show','show',41),(69,NULL,'save','save',41),(70,NULL,'edit','edit',20),(71,NULL,'edit','edit',21),(72,NULL,'save','save',32),(73,NULL,'edit','edit',32),(74,NULL,'edit','edit',33),(75,NULL,'show','show',38),(76,NULL,'show','show',36),(77,NULL,'show','show',37),(78,NULL,'show','show',17),(79,NULL,'show','show',39),(80,NULL,'show','show',40),(81,NULL,'show','show',35),(82,NULL,'save','save',10),(83,NULL,'save','save',9),(84,NULL,'save','save',12),(85,NULL,'save','save',13),(86,NULL,'save','save',35),(87,NULL,'save','save',38),(88,NULL,'save','save',36),(89,NULL,'save','save',37),(90,NULL,'save','save',17),(91,NULL,'save','save',39),(92,NULL,'save','save',40);
/*!40000 ALTER TABLE `security_permission` ENABLE KEYS */;
UNLOCK TABLES;

--
-- Table structure for table `security_portal`
--

DROP TABLE IF EXISTS `security_portal`;
/*!40101 SET @saved_cs_client     = @@character_set_client */;
/*!40101 SET character_set_client = utf8 */;
CREATE TABLE `security_portal` (
  `id` int(11) NOT NULL AUTO_INCREMENT,
  `title` varchar(45) NOT NULL COMMENT '标题',
  `link_url` varchar(45) DEFAULT NULL COMMENT '链接地址',
  `json_url` varchar(200) DEFAULT NULL COMMENT '数据地址',
  `url_type` int(1) DEFAULT '0' COMMENT '0本地1远程',
  `show_type` int(11) NOT NULL DEFAULT '1' COMMENT '1表格2饼图3柱图',
  `state` int(11) NOT NULL COMMENT '1在用 0注销',
  `table_head` varchar(1000) DEFAULT NULL COMMENT '表头html',
  `index_show` int(3) DEFAULT NULL,
  PRIMARY KEY (`id`)
) ENGINE=InnoDB AUTO_INCREMENT=9 DEFAULT CHARSET=utf8 COMMENT='首页配置表';
/*!40101 SET character_set_client = @saved_cs_client */;

--
-- Dumping data for table `security_portal`
--

LOCK TABLES `security_portal` WRITE;
/*!40000 ALTER TABLE `security_portal` DISABLE KEYS */;
INSERT INTO `security_portal` VALUES (1,'客户分类','/business/custom/list/all','/portal/customTypeSum',0,2,1,NULL,1),(2,'客户统计','/business/custom/list/all','/portal/customMonthSum',0,3,1,NULL,2),(3,'投资统计','/business/investor/list/all','/portal/investMonth',0,5,1,NULL,5),(4,'投诉统计','/business/complaint/list','/portal/complaintMonth',0,5,1,NULL,7),(6,'订单销售','/business/order/orderlist','/portal/orderMonth',0,6,1,NULL,6),(7,'机房1资源','/business/cabinet/list','/portal/serverRoom/1',0,4,1,NULL,3),(8,'机房2资源','/business/cabinet/list','/portal/serverRoom/2',0,4,1,NULL,4);
/*!40000 ALTER TABLE `security_portal` ENABLE KEYS */;
UNLOCK TABLES;

--
-- Table structure for table `security_portal_role`
--

DROP TABLE IF EXISTS `security_portal_role`;
/*!40101 SET @saved_cs_client     = @@character_set_client */;
/*!40101 SET character_set_client = utf8 */;
CREATE TABLE `security_portal_role` (
  `id` int(11) NOT NULL AUTO_INCREMENT,
  `role_id` int(11) NOT NULL COMMENT '角色id',
  `portal_id` int(11) NOT NULL COMMENT '首页块id',
  PRIMARY KEY (`id`)
) ENGINE=InnoDB AUTO_INCREMENT=10 DEFAULT CHARSET=utf8 COMMENT='角色和首页配置';
/*!40101 SET character_set_client = @saved_cs_client */;

--
-- Dumping data for table `security_portal_role`
--

LOCK TABLES `security_portal_role` WRITE;
/*!40000 ALTER TABLE `security_portal_role` DISABLE KEYS */;
INSERT INTO `security_portal_role` VALUES (2,1,1),(3,1,2),(4,1,3),(5,1,4),(7,1,6),(8,1,7),(9,1,8);
/*!40000 ALTER TABLE `security_portal_role` ENABLE KEYS */;
UNLOCK TABLES;

--
-- Table structure for table `security_reset`
--

DROP TABLE IF EXISTS `security_reset`;
/*!40101 SET @saved_cs_client     = @@character_set_client */;
/*!40101 SET character_set_client = utf8 */;
CREATE TABLE `security_reset` (
  `id` int(11) NOT NULL AUTO_INCREMENT,
  `mail` varchar(45) NOT NULL,
  `request_date` datetime NOT NULL,
  `state` int(11) NOT NULL DEFAULT '1',
  `salt` varchar(100) DEFAULT NULL,
  PRIMARY KEY (`id`)
) ENGINE=InnoDB AUTO_INCREMENT=5 DEFAULT CHARSET=utf8 COMMENT='密码获取表';
/*!40101 SET character_set_client = @saved_cs_client */;

--
-- Dumping data for table `security_reset`
--

LOCK TABLES `security_reset` WRITE;
/*!40000 ALTER TABLE `security_reset` DISABLE KEYS */;
INSERT INTO `security_reset` VALUES (1,'ktmswzw7@163.com','2014-11-25 22:02:03',0,'c14b7f98-e68b-4ee1-b79e-b5a254b4402b'),(2,'ktmswzw7@163.com','2014-11-25 22:05:35',0,'75fd3033-54a1-47c3-b1f6-ba97b1b47518'),(3,'ktmswzw7@163.com','2014-11-25 22:06:01',1,'4ab507bc-b229-4920-9cdb-a895f739a79c'),(4,'ktmswzw@163.com','2014-12-03 17:28:57',1,'cbdb357b-0edf-41ea-be91-f221bb30e47b');
/*!40000 ALTER TABLE `security_reset` ENABLE KEYS */;
UNLOCK TABLES;

--
-- Table structure for table `security_role`
--

DROP TABLE IF EXISTS `security_role`;
/*!40101 SET @saved_cs_client     = @@character_set_client */;
/*!40101 SET character_set_client = utf8 */;
CREATE TABLE `security_role` (
  `id` bigint(20) NOT NULL AUTO_INCREMENT,
  `description` varchar(255) DEFAULT NULL,
  `name` varchar(32) NOT NULL,
  PRIMARY KEY (`id`)
) ENGINE=InnoDB AUTO_INCREMENT=100 DEFAULT CHARSET=utf8;
/*!40101 SET character_set_client = @saved_cs_client */;

--
-- Dumping data for table `security_role`
--

LOCK TABLES `security_role` WRITE;
/*!40000 ALTER TABLE `security_role` DISABLE KEYS */;
INSERT INTO `security_role` VALUES (1,'管理员','admin'),(2,'客服部门领导','deptLeader'),(3,'总经理','generalManager'),(4,'人事','hr'),(6,'财务部门领导','financeManager'),(7,'人事部门领导','hrManager'),(8,'财务','finance'),(9,'客服人员','service'),(10,'会计','accountant'),(11,'技术部领导','itManager'),(12,'技术人员','it'),(13,'市场部领导','marketingManager'),(14,'营销人员','marketing'),(99,'普通员工','user');
/*!40000 ALTER TABLE `security_role` ENABLE KEYS */;
UNLOCK TABLES;

--
-- Table structure for table `security_role_permission`
--

DROP TABLE IF EXISTS `security_role_permission`;
/*!40101 SET @saved_cs_client     = @@character_set_client */;
/*!40101 SET character_set_client = utf8 */;
CREATE TABLE `security_role_permission` (
  `id` bigint(20) NOT NULL AUTO_INCREMENT,
  `permission_id` bigint(20) DEFAULT NULL,
  `role_id` bigint(20) DEFAULT NULL,
  PRIMARY KEY (`id`),
  KEY `FK679E22392BB04F1F` (`permission_id`),
  KEY `FK679E22393FFD717F` (`role_id`)
) ENGINE=InnoDB AUTO_INCREMENT=94 DEFAULT CHARSET=utf8;
/*!40101 SET character_set_client = @saved_cs_client */;

--
-- Dumping data for table `security_role_permission`
--

LOCK TABLES `security_role_permission` WRITE;
/*!40000 ALTER TABLE `security_role_permission` DISABLE KEYS */;
INSERT INTO `security_role_permission` VALUES (17,1,7),(18,2,7),(19,9,7),(20,20,7),(21,25,7),(22,31,7),(23,58,7),(24,36,7),(25,33,7),(26,37,7),(27,42,7),(28,43,7),(29,45,7),(30,81,7),(66,36,2),(67,82,2),(68,33,2),(69,83,2),(70,37,2),(71,38,2),(72,42,2),(73,84,2),(74,43,2),(75,85,2),(76,45,2),(77,46,2),(78,81,2),(79,86,2),(80,75,2),(81,87,2),(82,76,2),(83,88,2),(84,77,2),(85,89,2),(86,78,2),(87,90,2),(88,79,2),(89,91,2),(90,80,2),(91,92,2),(92,68,2),(93,69,2);
/*!40000 ALTER TABLE `security_role_permission` ENABLE KEYS */;
UNLOCK TABLES;

--
-- Table structure for table `security_role_permission_data_control`
--

DROP TABLE IF EXISTS `security_role_permission_data_control`;
/*!40101 SET @saved_cs_client     = @@character_set_client */;
/*!40101 SET character_set_client = utf8 */;
CREATE TABLE `security_role_permission_data_control` (
  `id` bigint(20) NOT NULL AUTO_INCREMENT,
  `data_control_id` bigint(20) DEFAULT NULL,
  `role_permission_id` bigint(20) DEFAULT NULL,
  PRIMARY KEY (`id`),
  KEY `FKBB731E0E50319A20` (`data_control_id`),
  KEY `FKBB731E0E58F6F1AC` (`role_permission_id`)
) ENGINE=InnoDB AUTO_INCREMENT=4 DEFAULT CHARSET=utf8;
/*!40101 SET character_set_client = @saved_cs_client */;

--
-- Dumping data for table `security_role_permission_data_control`
--

LOCK TABLES `security_role_permission_data_control` WRITE;
/*!40000 ALTER TABLE `security_role_permission_data_control` DISABLE KEYS */;
INSERT INTO `security_role_permission_data_control` VALUES (2,1,54),(3,1,55);
/*!40000 ALTER TABLE `security_role_permission_data_control` ENABLE KEYS */;
UNLOCK TABLES;

--
-- Table structure for table `security_user`
--

DROP TABLE IF EXISTS `security_user`;
/*!40101 SET @saved_cs_client     = @@character_set_client */;
/*!40101 SET character_set_client = utf8 */;
CREATE TABLE `security_user` (
  `id` bigint(20) NOT NULL AUTO_INCREMENT,
  `create_time` datetime DEFAULT NULL,
  `email` varchar(128) DEFAULT NULL,
  `password` varchar(64) NOT NULL,
  `phone` varchar(32) DEFAULT NULL,
  `realname` varchar(32) NOT NULL,
  `salt` varchar(32) NOT NULL,
  `status` varchar(16) NOT NULL,
  `username` varchar(32) NOT NULL COMMENT '用户名称',
  `org_id` bigint(20) DEFAULT NULL,
  PRIMARY KEY (`id`),
  KEY `FKD607B56A3CDE9C0E` (`org_id`)
) ENGINE=InnoDB AUTO_INCREMENT=6 DEFAULT CHARSET=utf8;
/*!40101 SET character_set_client = @saved_cs_client */;

--
-- Dumping data for table `security_user`
--

LOCK TABLES `security_user` WRITE;
/*!40000 ALTER TABLE `security_user` DISABLE KEYS */;
INSERT INTO `security_user` VALUES (1,'2012-08-03 14:58:38','recruit@163.com','48ea9992b30171e28b9a780aa3aa0303c964b05f','15869100508','Admin','4753a681ce4a2169','enabled','recruit@163.com',8);
/*!40000 ALTER TABLE `security_user` ENABLE KEYS */;
UNLOCK TABLES;

--
-- Table structure for table `security_user_role`
--

DROP TABLE IF EXISTS `security_user_role`;
/*!40101 SET @saved_cs_client     = @@character_set_client */;
/*!40101 SET character_set_client = utf8 */;
CREATE TABLE `security_user_role` (
  `id` bigint(20) NOT NULL AUTO_INCREMENT,
  `priority` int(11) NOT NULL,
  `role_id` bigint(20) DEFAULT NULL,
  `user_id` bigint(20) DEFAULT NULL,
  PRIMARY KEY (`id`),
  KEY `FK6DD3562B3FFD717F` (`role_id`),
  KEY `FK6DD3562BE528355F` (`user_id`)
) ENGINE=InnoDB AUTO_INCREMENT=29 DEFAULT CHARSET=utf8;
/*!40101 SET character_set_client = @saved_cs_client */;

--
-- Dumping data for table `security_user_role`
--

LOCK TABLES `security_user_role` WRITE;
/*!40000 ALTER TABLE `security_user_role` DISABLE KEYS */;
INSERT INTO `security_user_role` VALUES (1,99,1,1),(3,99,2,3),(4,99,4,4),(5,99,99,1),(7,99,99,3),(8,99,99,4),(9,99,4,5),(10,99,8,5),(11,99,10,5),(12,99,9,1),(13,99,12,1),(14,99,8,1),(18,99,99,2),(19,99,1,4),(20,99,3,4),(21,99,6,4),(22,99,7,4),(23,99,8,4),(24,99,1,4),(25,99,3,4),(26,99,6,4),(27,99,7,4),(28,99,8,4);
/*!40000 ALTER TABLE `security_user_role` ENABLE KEYS */;
UNLOCK TABLES;
/*!40103 SET TIME_ZONE=@OLD_TIME_ZONE */;

/*!40101 SET SQL_MODE=@OLD_SQL_MODE */;
/*!40014 SET FOREIGN_KEY_CHECKS=@OLD_FOREIGN_KEY_CHECKS */;
/*!40014 SET UNIQUE_CHECKS=@OLD_UNIQUE_CHECKS */;
/*!40101 SET CHARACTER_SET_CLIENT=@OLD_CHARACTER_SET_CLIENT */;
/*!40101 SET CHARACTER_SET_RESULTS=@OLD_CHARACTER_SET_RESULTS */;
/*!40101 SET COLLATION_CONNECTION=@OLD_COLLATION_CONNECTION */;
/*!40111 SET SQL_NOTES=@OLD_SQL_NOTES */;

-- Dump completed on 2015-09-21 23:01:21
